topic,url
Bharat Mata Ji Jai - TOI,https://i.redd.it/36chsvxr8u201.jpg
[image] Overthink naught.,https://www.reddit.com/r/GetMotivated/comments/7il2k0/image_overthink_naught/
"Leaked video shows FCC Chair Ajit Pai joking ""Thank you to tonight's main sponsor....Sinclair Broadcasting.""",https://gizmodo.com/leaked-video-shows-fcc-chair-ajit-pai-roasting-himself-1821134881
are we still doing demonetization memes?,https://imgur.com/a/IWVBy
Haryana cancels lease of Fortis Gurgaon that charged Rs 16 lakh for 15-day dengue treatment,http://indiatoday.intoday.in/story/haryaan-government-cancels-lease-fortis-hospital-gurgaon-16-lakh-dengue-treament/1/1106482.html
"That's an overcooked egg, not a GMO one.",https://www.reddit.com/r/facepalm/comments/7ilgph/thats_an_overcooked_egg_not_a_gmo_one/
My friend’s cat saw snow for the first time today.,https://www.reddit.com/r/funny/comments/7ikob3/my_friends_cat_saw_snow_for_the_first_time_today/
This is the most mindfucked I’ve ever been,https://www.reddit.com/r/Damnthatsinteresting/comments/7il400/this_is_the_most_mindfucked_ive_ever_been/
"A memorial for Shashi Kapoor in Peshawar, Pakistan in front of his paternal home. Raj Kapoor was also born in the same house.",https://i.redd.it/9xlcjdx2vu201.jpg
"Live updates: EVM glitches reported in Rajkot, Rajpipla, Bhavnagar, Palitana, Porbandar.",https://twitter.com/the_hindu/status/939356124477669377
"Why punish married men alone for adultery, asks SC - Times of India",https://timesofindia.indiatimes.com/india/why-punish-married-men-alone-for-adultery-asks-sc/articleshow/61991372.cms
"It's not a bug, it's a feature",https://i.imgur.com/lE24ZyZ.jpg
Kerala Muslim girls trolled for dancing: Students respond with flash mobs across state,http://www.thenewsminute.com/article/kerala-muslim-girls-trolled-dancing-students-respond-flash-mobs-across-state-72873
Can't understand whether Mamata Banerjee is a man or woman. She has become a ‘hijra' as you see in trains/buses says BJP's Shyamapada Modal,https://twitter.com/ANI/status/858901345520107520
Norm cares about your grades,https://i.redd.it/vackskg66t201.jpg
This scoop of ice cream,https://www.reddit.com/r/oddlysatisfying/comments/7ik0md/this_scoop_of_ice_cream/
The first harvest,https://gfycat.com/HotPolishedHornshark
Combined my two loves oh C&H and Photography together and thought it belonged here. Tell me what you think!,https://www.reddit.com/r/calvinandhobbes/comments/7iji2p/combined_my_two_loves_oh_ch_and_photography/
"Oh boy, here I go killing again",https://i.imgur.com/4kvXPBb.jpg
I'd rather not have a gas cylinder in my house than link my Aadhar to it,https://www.reddit.com/r/india/comments/7ik5t6/id_rather_not_have_a_gas_cylinder_in_my_house/
"Google Doodle pays tribute to Homai Vyarawalla, India’s first woman photojournalist [NP]",https://i.redd.it/trvxbcgtht201.jpg
Harsha Bhogle on twitter about comparison between India and Pakistan bowlers dismissals,https://www.reddit.com/r/Cricket/comments/7ikc9i/harsha_bhogle_on_twitter_about_comparison_between/
Bitch Cop. Upvote this so the world can see what a bitch ass cop pussy cunt fucker cocksucking murderer looks like.,http://assets.nydailynews.com/polopoly_fs/1.2583030.1459367575!/img/httpImage/image.jpg_gen/derivatives/article_1200/article-mesa-0330.jpg
"What's on your Anti-Bucket List, the list of things you never want to do again?",https://www.reddit.com/r/AskReddit/comments/7ijl33/whats_on_your_antibucket_list_the_list_of_things/
"PSA: APKMirror.com is already fully protected against ""Janus"" Android vulnerability disclosed today and safe to use. None of the currently hosted APKs were affected either.",https://www.reddit.com/r/Android/comments/7iilqb/psa_apkmirrorcom_is_already_fully_protected/
"Took this thru windshield. Boy on a Rickshaw- Jama Masjid, Old Delhi.[NP]",https://imgur.com/DPxKJzw
"A few BJP leaders behaving like ISIS, says Karnataka Home Minister",http://www.thenewsminute.com/article/few-bjp-leaders-behaving-isis-says-karnataka-home-minister-72874
Leaf blowing,https://i.imgur.com/Hs4HsIt.gifv
"""I've made a huge mistake""",https://gfycat.com/SourGrizzledHarborporpoise
My India! <3 <3,https://i.redd.it/z9dbfag5bq201.jpg
[Homemade] Buttermilk Fried Chicken with another Pupper bonus!,https://www.reddit.com/r/food/comments/7ijudx/homemade_buttermilk_fried_chicken_with_another/
"redhead, colored pencil, 5"" x 5""",https://i.imgur.com/pexKLFI.jpg
"Gujrati randians know your neta before voting. Criminal, Financial, Educational Details of MPs & MLAs",http://myneta.info/
Got a kitten today. Meet Lillen. Lillen meet reddit. I think they’ll like you here.,https://www.reddit.com/r/aww/comments/7ikk8a/got_a_kitten_today_meet_lillen_lillen_meet_reddit/
"TRAI: Mr RS Sharma, Chairman @TRAI met with Mr Ajit Pai (@AjitPaiFCC), Chairman, FCC at #FCC Headquarters at Washington DC, today 8th Dec, 2017 and discussed issues of common interest and how to furthe build upon the MoU between #TRAI and #FCC.",https://twitter.com/TRAI/status/939327307587641346
Indian Government Railways under reservation policy chose the best among failed candidates when all reserved candidates failed to score cut-off marks for selection to high level posts,https://i.redd.it/i1pd2ft2du201.jpg
This sub right now,https://www.reddit.com/r/OnePiece/comments/7iktj1/this_sub_right_now/
Let me try racing blindfolded wcgw,https://www.reddit.com/r/Whatcouldgowrong/comments/7ijx38/let_me_try_racing_blindfolded_wcgw/
"They removed my old pal from r/aww because apparently missing an eye is a “sob story” - Meet my happy and healthy 12 year old, Payton!",https://www.reddit.com/r/goldenretrievers/comments/7ijnog/they_removed_my_old_pal_from_raww_because/
So there's this lady who draws on her carpet. Last night she surpassed herself.,https://www.reddit.com/r/pics/comments/7ik21r/so_theres_this_lady_who_draws_on_her_carpet_last/
Can a planet have more than 4 seasons?,https://www.reddit.com/r/askscience/comments/7ijh6y/can_a_planet_have_more_than_4_seasons/
A female MMA fighter is stepping into the cage with an internet troll who doesn't believe women can beat men,https://www.jiujitsutimes.com/female-mma-fighter-stepping-cage-internet-troll-doesnt-believe-women-can-beat-men/
"Hold my catnip, I'm practicing my left hook",https://gfycat.com/WarpedFlawedAplomadofalcon
"You want mandir or masjid, Modi asks Cong - Times of India",https://timesofindia.indiatimes.com/india/you-want-mandir-or-masjid-modi-asks-cong/articleshow/61991737.cms?utm_source=twitter.com&utm_medium=social&utm_campaign=TOIIndiaNews
My dad and aunts looking stylish in 1964,https://www.reddit.com/r/OldSchoolCool/comments/7ij67b/my_dad_and_aunts_looking_stylish_in_1964/
Google is pulling YouTube off the Fire TV and Echo Show,https://www.theverge.com/2017/12/5/16738748/google-amazon-feud-youtube-pulled-off-fire-tv-echo-show-nest-devices
[OLD] Our Jawans are beheaded and the Jawan's wife has to go on Dharna yet you feed Pakistan leaders. This is Neech Rajneeti: Narendra Modi,https://twitter.com/narendramodi_in/status/464034870012833792
Little girl finds Santa while shopping in a store,https://i.imgur.com/KYjmI5X.gifv
Ex-Arizona police officer acquitted of murder in shooting of unarmed man,https://www.theguardian.com/us-news/2017/dec/08/arizona-police-shooting-philip-brailsford-acquitted
Now THAT'S a selfie.,https://www.reddit.com/r/funny/comments/7iiogo/now_thats_a_selfie/
