topic,url,votes
"Married men of RIndia, do you help out in the household chores?",https://www.reddit.com/r/india/comments/7jphfr/married_men_of_rindia_do_you_help_out_in_the/,187,india
Caption This,https://imgur.com/OU7AwLs,244,india
My friend‚Äôs boyfriend was not happy about his kindergarten picture. His parents still have it framed in their house 20 years later.,https://www.reddit.com/r/funny/comments/7jpj4z/my_friends_boyfriend_was_not_happy_about_his/,31.9k,funny
What gets bigger the more you take from it?,https://www.reddit.com/r/Jokes/comments/7jooj8/what_gets_bigger_the_more_you_take_from_it/,9846,Jokes
Does a burnt piece of toast have the same number of calories as a regular piece of toast?,https://www.reddit.com/r/askscience/comments/7jpnjl/does_a_burnt_piece_of_toast_have_the_same_number/,5202,askscience
"Smriti Irani, Javadekar tried cornering 35,000 Kendriya Vidyalaya seats in 3 years, 25 times their quota",https://theprint.in/2017/12/13/smriti-irani-prakash-javadekar-kendriya-vidyalaya-admissions/amp/?__twitter_impression=true,151,india
Before and after I tell her she‚Äôs the cutest of all the patoots,https://www.reddit.com/r/aww/comments/7jpf30/before_and_after_i_tell_her_shes_the_cutest_of/,13.4k,aww
Dream of a programmer,https://i.redd.it/mwylomyx8t301.jpg,4610,ProgrammerHumor
Going on a Tinder date this Friday night to a Lounge & Bar. Please Help!,https://www.reddit.com/r/india/comments/7jppx0/going_on_a_tinder_date_this_friday_night_to_a/,111,india
I swear üòÇüòÇüòÇ #TeamJamie,https://www.reddit.com/r/freefolk/comments/7jpeug/i_swear_teamjamie/,5177,freefolk
This is wrong on so many levels,https://i.imgur.com/qaJDqIj.jpg,18.3k,pics
"TIFU by not properly checking the passport rules of travelling to Kenya, throwing $30,000 dollars down the drain.",https://www.reddit.com/r/tifu/comments/7jpydi/tifu_by_not_properly_checking_the_passport_rules/,2642,tifu
P.K. Subban scores from mid-ice,https://i.imgur.com/3TFxcpE.gifv,7530,sports
Simple. Timeless. Elegant.,https://www.reddit.com/r/marvelstudios/comments/7jpeto/simple_timeless_elegant/,3327,marvelstudios
The post was deleted shortly after she read the comment.,https://i.imgur.com/lJa0g7h.jpg,12.0k,quityourbullshit
"I choose words that are best to convey my ideas, not obscure or rodomontade ones: Shashi Tharoor",http://indianexpress.com/article/india/shashi-tharoor-twitter-writing-style-4981985/lite/?__twitter_impression=true,111,india
"Foxconn, the world's largest contract manufacturer of electronic devices such as iPhones, is looking to invest Rs 6,000 crore to set up a 200-acre plant in the special economic zone (SEZ) near Mumbai",https://economictimes.indiatimes.com/industry/transportation/shipping-/-transport/foxconn-looks-to-drop-a-rs-6000-crore-anchor-at-jnpt/articleshow/62059813.cms,134,india
Slow as sh,https://imgur.com/a/AcXzX,2544,behindthegifs
[NO SPOILERS] The moment when you open your exam paper..,https://www.reddit.com/r/gameofthrones/comments/7jq4qi/no_spoilers_the_moment_when_you_open_your_exam/,967,gameofthrones
"#BattleForGujarat: More cases of EVMs malfunctioning have been reported from Patan, Viramgam, and Himmatnagar during the 2nd and final phase of polling.",https://twitter.com/MirrorNow/status/941196229387489281,35,india
Rajasthan hacking: 516 people from across India donate Rs 3 lakh to Shambhulal Regar's wife,http://indianexpress.com/article/india/rajasthan-hacking-516-people-from-across-india-donate-rs-3-lakh-to-shambhulal-regars-wife-4981610/,46,india
Review: The Monoprice Mini Delta 3D Printer is a steal at only $160,https://www.digitaltrends.com/3d-printer-reviews/monoprice-mini-delta-review/,4181,gadgets
how i am making over 10 a day with swagbucks,https://www.reddit.com/r/beermoney/comments/7jqfhg/how_i_am_making_over_10_a_day_with_swagbucks/,21,beermoney
"The FCC votes on whether or not to abolish net neutrality TOMORROW. This is your last chance to call, text, tweet, or send an email. We can't let them get away with this.",https://www.battleforthenet.com/,40.9k,Music
Shaq always knows when the camera is on him,https://i.imgur.com/2VaP6J5.gifv,3699,sports
Mother India and the Seven Sisters (and Sikkim),https://www.youtube.com/watch?v=Euk608UKzcU,62,india
Terminal Stage 4 Cancer Tesla Model 3 reservation holder with 3-4 months to live got his Model 3 delivered today,https://i.imgur.com/uIvEQoi.png,14.7k,MadeMeSmile
Blind = gay,https://www.reddit.com/r/PewdiepieSubmissions/comments/7jpf0r/blind_gay/,541,PewdiepieSubmissions
Smart Cryptocurrency for stock trading,https://bitcointalk.org/index.php?topic=2357275,61,ethtrader
My roommate is missing,https://www.reddit.com/r/india/comments/7jq4bi/my_roommate_is_missing/,32,india
I can't Reddit,https://www.reddit.com/r/CasualConversation/comments/7jo0sa/i_cant_reddit/,5237,CasualConversation
Rejuvenate yourself by walking on clouds - Karnataka Diaries [NP],https://i.redd.it/2lqy07i2dt301.jpg,73,india
My dad's new profile picture is just his moustache,https://www.reddit.com/r/oldpeoplefacebook/comments/7joirz/my_dads_new_profile_picture_is_just_his_moustache/,9915,oldpeoplefacebook
Beer Chug Challenge: 4 12-oz. Beers in 60 Seconds,https://muchozucko.com/1478/Bono-Beer-Chug-Challenge-4-Beers-in-60-Seconds,74,drunk
IKEA is preparing to rule India‚Äôs retail market for the next 100 years,https://qz.com/1149703/ikea-is-preparing-for-the-next-100-years-in-india-says-country-ceo-juvencio-maeztu/,89,india
Graduates of India‚Äôs second rung B-schools just can‚Äôt find good jobs,https://qz.com/1153717/graduates-of-indias-second-rung-business-schools-just-cant-find-good-jobs-says-assocham/,71,india
Thought I would share this useful information. Happy Holidays everybody!,https://www.reddit.com/r/DunderMifflin/comments/7joyv7/thought_i_would_share_this_useful_information/,3787,DunderMifflin
"TIL about the Oakland Buddha, placed by a resident on a street corner to prevent illegal dumping, the statue has now become a shrine for the local Vietnamese population who leave offerings and have even built a shelter for the Buddah. Crime in the area dropped 82%",https://oaklandnorth.net/2014/10/21/buddha-of-oakland/,52.1k,todayilearned
"Medical marijuana has NO public health risks and should not be withheld from patients, WHO declares after months of deliberation",http://www.dailymail.co.uk/health/article-5175825/Medical-marijuana-NO-public-health-risks-declares.html,40.2k,worldnews
/r/cricket bingo,https://imgur.com/neK7hLz,73,Cricket
"Teacher couple sacked on wedding day, school claims romance could affect students [NP]",http://m.greaterkashmir.com/news/kashmir/teacher-couple-sacked-on-wedding-day-school-claims-romance-could-affect-students/268973.html,19,india
"[NP] Street Art, Hyderabad. (Part of the beautification process that took place before Ivanka Trump's visit)",https://imgur.com/gallery/UWgIY,57,india
"'I am ready to pay the price for better India', says Modi - Cartoon by @MANJULtoons",https://pbs.twimg.com/media/DQ0fRw9UMAAEVrQ.jpg,23,india
People of India are not participating in other sports as much as Cricket,https://www.reddit.com/r/india/comments/7jonu6/people_of_india_are_not_participating_in_other/,70,india
Dear lord what have we done...,https://www.reddit.com/r/PoliticalHumor/comments/7jo19o/dear_lord_what_have_we_done/,14.7k,PoliticalHumor
Mathura cops may get uniforms with image of Krishna,https://timesofindia.indiatimes.com/city/agra/mathura-cops-may-get-uniforms-with-image-of-krishna/articleshow/62058199.cms,27,india
if i do not check the mirrors before trying to overtake,https://gfycat.com/SparklingJoyousCob,8860,Whatcouldgowrong
Is India's middle class actually poor?,http://www.bbc.co.uk/news/world-asia-india-41264072,125,india
WOWZERS,https://i.imgur.com/hws8kFr.png,5901,facebookwins
"LG V30 Plus launched in India at Rs 44,990, to be available on Amazon from December 18",http://m.businesstoday.in/story/lg-v30-plus-launch-iphone-x-galaxy-note-8-india-amazon/1/265905.html,45,india
[Monsters Vs Aliens] General W.R. Monger wears a Shrek pin.,https://www.reddit.com/r/MovieDetails/comments/7jp6w1/monsters_vs_aliens_general_wr_monger_wears_a/,2762,MovieDetails
Bryan Cranston to Host Late Late Show in James Corden's Absence,http://deadline.com/2017/12/bryan-cranston-james-corden-guest-host-late-late-show-cbs-1202226610/,19.7k,television
Honor Thy Bruh,https://www.reddit.com/r/memes/comments/7jnlcd/honor_thy_bruh/,22.3k,memes
Current Account Deficit more than doubles to $7.2 billion in Q2 on higher oil imports,http://www.moneycontrol.com/news/business/economy/current-account-deficit-more-than-doubles-to-7-2-billion-in-q2-on-higher-oil-imports-2461123.html,55,india
So true these past few weeks,https://www.reddit.com/r/CryptoCurrency/comments/7jpdj3/so_true_these_past_few_weeks/,1823,CryptoCurrency
Can we change the upvote arrows in the CSS to be an actual orange Arrows?,http://imgur.com/MSbnYB0,1004,formula1
"Study of 411 wine glasses from 1700 to today shows that the average glass size has increased by 531 percent: ""For the most part, this was gradual, but since the 1990s, the size has increased rapidly.""",https://www.inverse.com/article/39382-wine-glasses-bigger-300-years-science,7792,science
"So it‚Äôs my Dad‚Äôs birthday, I made him a card.",https://www.reddit.com/r/Naruto/comments/7jobzb/so_its_my_dads_birthday_i_made_him_a_card/,1110,Naruto
The only thing my touchbar is good for,https://www.reddit.com/r/Bitcoin/comments/7jndd4/the_only_thing_my_touchbar_is_good_for/,3683,Bitcoin
The Grumpiest cat ever.,https://i.imgur.com/7J3YRds.gifv,12.0k,funny
"Hope everybody is enjoying the winter season, let's see some snowy abarths!",https://i.imgur.com/VGH5YdL.jpg,61,abarth
Slickwraps banned from Reddit. Consider this for future purposes,https://www.reddit.com/r/Slickwraps/comments/7je121/uslickwrapscom_has_been_banned_from_reddit_for/,2627,Android
TRAI to Release In-Flight Connectivity Recommendations by Month-End,https://gadgets.ndtv.com/telecom/news/trai-to-release-in-flight-connectivity-recommendations-by-month-end-1787238,43,india
So what happened to Gauri Lankesh murder case?,https://www.reddit.com/r/india/comments/7jq66a/so_what_happened_to_gauri_lankesh_murder_case/,19,india
Snow bro.,https://i.imgur.com/JQjLHvK.gifv,6083,AnimalsBeingBros
Govt to increase health budget to 2.5% of GDP by 2025: Minister J.P. Nadda,http://www.livemint.com/Politics/ol02MPihoA8XQKxI1HTR4L/Govt-to-increase-healthcare-budget-to-25-of-GDP-by-2025-M.html,66,india
What is tha...OMG it's on you it's on you!!!,https://i.imgur.com/nALOBlt.gifv,44.9k,aww
WACA Bingo,https://www.reddit.com/r/Cricket/comments/7jnr17/waca_bingo/,516,Cricket
Voting stopped after voters unable to press Congress button on EVM in Gujarat‚Äôs Aravalli,http://www.jantakareporter.com/india/voting-stopped-after-voters-unable/164378/,10,india
Got a Degree in tactical debating,https://i.redd.it/hll881bpat301.jpg,2292,BlackPeopleTwitter
Meticulous work,https://i.imgur.com/u2jZcX3.gifv,1495,gifs
I'm never drinking again...,https://www.reddit.com/r/comics/comments/7jm6fi/im_never_drinking_again/,13.2k,comics
User describes subtle brigading from t_d into local subreddits,https://np.reddit.com/r/minnesota/comments/7jkybf/_/dr7m56j,9988,bestof
"Helen, an American Indian telephone and switchboard operator, Montana, 1925. [1024 √ó 797]",https://i.imgur.com/DsmUdJS.jpg,1801,HistoryPorn
Synchronizing Dogs.,https://i.imgur.com/WyAPWu8.gifv,34.0k,oddlysatisfying
[Guide] Players from Campaigns,https://www.reddit.com/r/FUTMobile/comments/7jqill/guide_players_from_campaigns/,25,FUTMobile
India's representation on r/pollandball .,https://i.redd.it/zesyiz4ukr301.png,118,india
I Copied it from StackOverflow!!!,https://i.imgur.com/ADXt65I.jpg,226,ProgrammerHumor
Patriotism is fine...but!!,https://i.redd.it/5i5yhgqfcv301.jpg,‚Ä¢,india
"Getting Stoned with Seniors in Seattle (2017) - ""Old folks are the fastest growing demographic of cannabis users in the country, and they're finding more ways to use it than ever before.""",https://youtu.be/4fXqzEtQz4E,9601,Documentaries
Norway has voted to decriminalize drugs. Drug addicts will get medical care and not be prosecuted[Article in Norwegian],https://www.vg.no/nyheter/innenriks/rusmidler/historisk-i-stortinget-slutt-paa-straff-for-rusmisbrukere/a/24209948/,671,worldnews
Has surveillance technology gone too far?,https://www.reddit.com/r/gaming/comments/7jqayc/has_surveillance_technology_gone_too_far/,638,gaming
Madhya Pradesh Happiness Minister Lal Singh Arya Absconding After Being Named in Murder Case,http://www.india.com/news/india/madhya-pradesh-happiness-minister-lal-singh-arya-absconding-after-being-named-in-murder-case-2751001/,‚Ä¢,india
Manchester United is delighted to announce that Angel Gomes has signed his first professional contract with the club.,http://www.manutd.com/en/News-And-Features/Club-News/2017/Dec/angel-gomes-signs-first-professional-contract-with-manchester-united.aspx?utm_campaign=ManUtd&utm_medium=post&utm_source=twitter,1884,reddevils
"Ugliest smile ever. Upvote this so it's the first image people see when they google ""Ugliest smile ever""",https://imgur.com/a/8Ienw,23.9k,MarchForNetNeutrality
"A second Man of the Match award in as many appearances. Nice work, @LukeShaw23! üëå",https://twitter.com/ManUtd/status/941077581650186240,492,reddevils
My sister in law had a snowball fight with my 4 year old nephew. My nephew lost.,https://www.reddit.com/r/PerfectTiming/comments/7jojry/my_sister_in_law_had_a_snowball_fight_with_my_4/,2147,PerfectTiming
School cafeteria pizza,https://www.reddit.com/r/nostalgia/comments/7jotr7/school_cafeteria_pizza/,4819,nostalgia
Elephant calf gets a prosthetic leg.,https://gfycat.com/ChubbyAngryBobolink,16.2k,babyelephantgifs
"Seeing all the arranged marriage posts here, Is it that time of the year?",https://www.reddit.com/r/india/comments/7jplad/seeing_all_the_arranged_marriage_posts_here_is_it/,28,india
Bihar boy kills self hours after being forced to marry widowed sister-in-law,http://m.hindustantimes.com/india-news/minor-boy-commits-suicide-two-hours-after-forced-into-marriage-with-widow-sister-in-law-in-bihar-s-gaya/story-FxewngGvamodQAOIYRSP7J.html,‚Ä¢,india
"The Black Mount, Scotland [719x2048] [OC]",https://imgur.com/juRr1ZP,510,EarthPorn
Tesla fulfils bucket list of dying man by delivering his Model 3 early,https://electrek.co/2017/12/13/tesla-model-3-bucket-list-dying-man/,1917,teslamotors
"I could get a job on a company social media team, all you have to do is browse reddit.",https://www.reddit.com/r/Cricket/comments/7jor0p/i_could_get_a_job_on_a_company_social_media_team/,219,Cricket
"Teachers be like: ""5 chromebooks have cracked screens idk why""",https://www.reddit.com/r/techsupportgore/comments/7jo85a/teachers_be_like_5_chromebooks_have_cracked/,5506,techsupportgore
"H1B visa workers may work for more than one employer, says USCIS",http://www.livemint.com/Politics/u2tXgNsjMjEAhlxKMjmIJJ/H1B-visa-workers-may-work-for-more-than-one-employer-says-U.html,55,india
A random Indian girl I found on Tinder.,https://imgur.com/a/kNsyA,130,india
These caroonists won't stop :) [P],https://i.redd.it/g6u1pskyvo301.jpg,355,india
They're different medals,https://i.imgur.com/xJZFXn8.jpg,8138,facepalm
Albino turtle,https://i.imgur.com/Zm4QFv4.jpg,7664,Damnthatsinteresting
Bliss :),https://i.imgur.com/I4xuRdy.jpg,2034,aww
Computer Security Career Paths,https://www.reddit.com/r/hacking/comments/7jqo89/computer_security_career_paths/,‚Ä¢,hacking
"Woman who made false rape accusations against 15 men, gets sentenced for 10 years",http://www.dailymail.co.uk/news/article-4818874/Jemma-Beale-jailed-10-years.html,146,worldnews
MRW I get home and everyone is at the table waiting for the dinner I was supposed to pickup.,https://i.imgur.com/FxqzJLq.gifv,13.0k,reactiongifs
Anon buys pop,https://www.reddit.com/r/greentext/comments/7joibp/anon_buys_pop/,4223,greentext
Majestic Monument Valley [OC][2048 x 1028],https://www.reddit.com/r/EarthPorn/comments/7jp5im/majestic_monument_valley_oc2048_x_1028/,1022,EarthPorn
A store in Japan thought fuckin' was just American slang for really good,https://www.reddit.com/r/funny/comments/7jn8b6/a_store_in_japan_thought_fuckin_was_just_american/,49.5k,funny
Tossing this angry swan into a lake.,https://i.imgur.com/4XO8f93.gifv,6258,BetterEveryLoop
If aliens are monitoring our media and 98% of the internet is porn...They're not giving us anal probes; they're just trying to speak the language.,https://www.reddit.com/r/Showerthoughts/comments/7jn54o/if_aliens_are_monitoring_our_media_and_98_of_the/,58.1k,Showerthoughts
HELP! My son ate my pills!,https://www.reddit.com/r/funny/comments/7jpyx5/help_my_son_ate_my_pills/,573,funny
This kid is about to ask Santa to bring his Dad from Afghanistan,https://www.reddit.com/r/pics/comments/7jnh79/this_kid_is_about_to_ask_santa_to_bring_his_dad/,63.6k,pics
New home projects fall by half,http://www.livemint.com/Money/EuGmyVr8GBx6iL4SjZ22nJ/New-home-projects-fall-by-half.html,51,india
"16/12/17 Breakfast Ride to Lepakshi, AP",https://www.reddit.com/r/bangalore/comments/7jpxux/161217_breakfast_ride_to_lepakshi_ap/,11,bangalore
Prequel intellectuality>OT nonsense,https://www.reddit.com/r/PrequelMemes/comments/7jn9m4/prequel_intellectualityot_nonsense/,7206,PrequelMemes
Hindustan Unilever Closes Gap on ITC in Indian Consumer Staples Top 20,https://i.redd.it/xtxewf9r7s301.png,71,india
Humour: It was at this moment that the burglar knew.. He fucked up.,https://www.reddit.com/r/DC_Cinematic/comments/7jqbiy/humour_it_was_at_this_moment_that_the_burglar/,62,DC_Cinematic
Wrong monument.,https://imgur.com/kZJn71e,18.2k,pics
"Gary Oldman smoked $20,000 worth of cigars while filming Darkest Hour & experienced serious nicotine poisoning",https://www.hollywoodreporter.com/features/how-darkest-hours-grand-transformation-gary-oldman-winston-churchill-took-20000-worth-cigars-1064336?utm_source=twitter,30.8k,movies
Drinks are on me,http://i.imgur.com/8ZrssHw.gifv,10.0k,funny
Ken M on Christmas,https://i.imgur.com/O4oO6oa.jpg,13.0k,KenM
"The Golden Temple - Amritsar, India",https://www.reddit.com/r/indianews/comments/7jpjqw/the_golden_temple_amritsar_india/,23,indianews
Scientific slime,https://www.reddit.com/r/tumblr/comments/7jn8zh/scientific_slime/,7759,tumblr
So I'm In The Taco Bell Drive Through and He Jumps Through My Car Window and Into My Lap. Reddit Meet Jose!,https://imgur.com/VlNycn8,3652,aww
The Drake and Josh house is for sale in my neighborhood,https://i.imgur.com/zcPuHho.jpg,25.3k,mildlyinteresting
"It's official, NPAs were caused by government interference.",https://www.reddit.com/r/india/comments/7jn33s/its_official_npas_were_caused_by_government/,74,india
"Jose: ""The title is over in May. If it was over tomorrow I would be on holiday in Brazil.""",https://twitter.com/ShamoonHafez/status/941065728123432960,330,reddevils
HTTPS on Your Landing Page Is Important,https://www.troyhunt.com/im-sorry-you-feel-this-way-natwest-but-https-on-your-landing-page-is-important/,714,programming
A Himalayan langur feeding on Himalayan cherry flowers,https://i.imgur.com/OwqPCeg.jpg,8,india
Doki Doki characters irl,https://www.reddit.com/r/PewdiepieSubmissions/comments/7jphz5/doki_doki_characters_irl/,134,PewdiepieSubmissions
"LPT: If you can‚Äôt decide between two things, flip and coin and if you‚Äôre disappointed by what it lands on then choose the other.",https://www.reddit.com/r/LifeProTips/comments/7jpbaa/lpt_if_you_cant_decide_between_two_things_flip/,519,LifeProTips
"Spotify is testing a new three tab interface, simpler list layouts, and other visual changes",http://www.androidpolice.com/2017/12/13/spotify-testing-new-three-tab-interface-simpler-list-layouts-visual-changes/,827,Android
I Have A Theory That Donald Glover And Childish Gambino Are Secretly The Same Person,https://medium.com/@comediandrewlandry/i-have-a-theory-that-donald-glover-and-childish-gambino-are-secretly-the-same-person-f1cfde61dadd,4685,donaldglover
Local Dad Forced To Drop Son From Backyard Cricket Side Just Days Before Cousins Arrive,http://www.betootaadvocate.com/headlines/local-dad-forced-to-drop-son-from-backyard-cricket-side-just-days-before-cousins-arrive/,115,Cricket
Shadow of the Colossus,https://www.reddit.com/r/gaming/comments/7johey/shadow_of_the_colossus/,2089,gaming
"Nah, he made sure those girls were underage.",https://i.redd.it/ysvb6l8isr301.jpg,22.0k,BlackPeopleTwitter
"Jose: ""I am not saying he is first or second choice, Luke Shaw is an option. People forget his history, a hard history with an incredible injury and more surgery last season. ""I liked the standing ovation he got, it only helps the player.""",https://twitter.com/ShamoonHafez/status/941067185274998785,434,reddevils
It's finals season!,https://www.reddit.com/r/westworld/comments/7jmo2g/its_finals_season/,3055,westworld
"Elliot hacks computers, Whiterose hacks time...",https://www.reddit.com/r/MrRobot/comments/7jpfmb/elliot_hacks_computers_whiterose_hacks_time/,325,MrRobot
This Facebook shitpost though,https://i.redd.it/i2938w61jv301.jpg,‚Ä¢,india
A river of Red Crabs on Christmas Island,https://i.imgur.com/2hKEu2k.gifv,10.0k,gifs
A 16 year old finds out he has been accepted into Harvard,https://m.youtube.com/watch?v=NsUQU3r2nsM,16.8k,videos
"Match Thread: Australia vs England at WACA, Perth, Day 1",https://www.reddit.com/r/Cricket/comments/7jo7ud/match_thread_australia_vs_england_at_waca_perth/,268,Cricket
Pupper just found his feet,https://gfycat.com/FrankMaleArgusfish,22.3k,gifs
Brave Browser now allows YouTube videos to keep playing in the background,https://play.google.com/store/apps/details?id=com.brave.browser,88,Android
Did you hear about the man who climbed Mt. Everest?,https://www.reddit.com/r/PewdiepieSubmissions/comments/7joat2/did_you_hear_about_the_man_who_climbed_mt_everest/,304,PewdiepieSubmissions
Maximum Overdrive,https://i.imgur.com/7FEYEea.png,15.6k,BikiniBottomTwitter
Would it be a wise career decision to switch from Automation Testing to Business Intelligence?,https://www.reddit.com/r/india/comments/7jpjov/would_it_be_a_wise_career_decision_to_switch_from/,37,india
Uncle of the Year,https://www.reddit.com/r/funny/comments/7jn8ks/uncle_of_the_year/,11.2k,funny
"""Strength does not come from winning"" - Arnold Schwarzenegger [1280x724]",https://www.reddit.com/r/QuotesPorn/comments/7jn37g/strength_does_not_come_from_winning_arnold/,2710,QuotesPorn
"Kubica was doing Pirelli tyres test in Abu Dhabi, his engine was in test mode and he already had contract. Williams let Sirotkin to do some hot-laps in qualifying mode, that's why he might be faster.",http://auto.sabbatini.news/kubica-la-favola-e-svanita-come-e-perche/,‚Ä¢,formula1
[HIGHLIGHTS] Rohit Sharma 208* vs Sri Lanka 2nd ODI,https://streamable.com/fwgie,98,Cricket
Light-up antlers.,http://imgur.com/T6pjyBk.gifv,2741,youseeingthisshit
ODI pitches everywhere at flat - not just India,https://www.reddit.com/r/Cricket/comments/7jpx1b/odi_pitches_everywhere_at_flat_not_just_india/,9,Cricket
"Dawson Range, Yukon. [OC][4900x3200]",https://www.reddit.com/r/EarthPorn/comments/7jp0uz/dawson_range_yukon_oc4900x3200/,612,EarthPorn
Indian boy kills himself hours after being forced to marry widowed sister-in-law,http://m.hindustantimes.com/india-news/minor-boy-commits-suicide-two-hours-after-forced-into-marriage-with-widow-sister-in-law-in-bihar-s-gaya/story-FxewngGvamodQAOIYRSP7J.html,179,worldnews
"Harry Truman on ""Little Boy"" (August 6th, 1945, Colorized)",https://www.reddit.com/r/fakehistoryporn/comments/7jogwo/harry_truman_on_little_boy_august_6th_1945/,3599,fakehistoryporn
Doggo replacement thread,https://www.reddit.com/r/FantasyPL/comments/7jn1ef/doggo_replacement_thread/,367,FantasyPL
AMD preparing mobile Ryzen 5 APU with Vega 11 graphics,https://videocardz.com/74464/amd-preparing-mobile-ryzen-5-apu-with-vega-11-graphics,44,Amd
Rick Rubin please STAY AWAY from any future projects.,https://www.reddit.com/r/Eminem/comments/7jpomi/rick_rubin_please_stay_away_from_any_future/,132,Eminem
"Horace Slughorn is that guy in business school who never stops talking about ""networking.""",https://www.reddit.com/r/harrypotter/comments/7jog4b/horace_slughorn_is_that_guy_in_business_school/,906,harrypotter
Is Bitcoin Income taxable in India?,https://i.redd.it/440yk0v5yu301.png,7,india
Surely Glasses are just for the Photo...,https://www.reddit.com/r/pesmobile/comments/7jqxmc/surely_glasses_are_just_for_the_photo/,‚Ä¢,pesmobile
Nice lady held this puppo like gold,https://i.imgur.com/9CHaO19.jpg,1534,aww
Kentucky State Rep. Dan Johnson commits suicide on bridge in Mt. Washington,http://www.wdrb.com/story/37062873/rep-dan-johnson-commits-suicide-on-bridge-in-mt-washington,6257,news
Shaq sees all,https://i.imgur.com/2VaP6J5.gifv,1593,MadeMeSmile
"Bet you can't hit it from a 1,000 yards out Jerry.",https://i.imgur.com/U5bUZ2C.gifv,43.3k,gifs
Luka Modric appreciation thread,https://www.reddit.com/r/realmadrid/comments/7jptyq/luka_modric_appreciation_thread/,43,realmadrid
Fighter does fake fist bump in pathetic attempt to pull a cheap shot,https://www.reddit.com/r/instantkarma/comments/7jomjn/fighter_does_fake_fist_bump_in_pathetic_attempt/,1418,instantkarma
So embarrassing [OC],https://i.imgur.com/wno3LWz.gifv,7853,AnimalTextGifs
Calvin and Hobbes snowmen were always the best,https://www.reddit.com/r/funny/comments/7joh9l/calvin_and_hobbes_snowmen_were_always_the_best/,1913,funny
I asked my wife what she wanted for Christmas,https://www.reddit.com/r/dadjokes/comments/7jpm2c/i_asked_my_wife_what_she_wanted_for_christmas/,445,dadjokes
Maruti to raise vehicles prices by up to 2% from January,https://m.economictimes.com/industry/auto/news/industry/maruti-to-raise-vehicles-prices-by-up-to-2-from-january/articleshow/62056158.cms,31,india
"Legal experts of randia, help a brother out",https://www.reddit.com/r/india/comments/7jq9dd/legal_experts_of_randia_help_a_brother_out/,10,india
Super Mario Seinfeld,https://i.imgur.com/BnN5uFY.gifv,14.9k,gaming
Things to buy from India ?,https://www.reddit.com/r/india/comments/7jq8z2/things_to_buy_from_india/,10,india
skratad√ºd√º do this,https://i.imgur.com/GUIHFdB.jpg,488,PewdiepieSubmissions
Ant-man could have been in every marvel movie without us knowing it,https://www.reddit.com/r/Showerthoughts/comments/7jnc7s/antman_could_have_been_in_every_marvel_movie/,3491,Showerthoughts
The Lunchbox (2013) - An unexpected Bollywood treat,https://www.reddit.com/r/MovieSuggestions/comments/7jpbcw/the_lunchbox_2013_an_unexpected_bollywood_treat/,22,MovieSuggestions
PaNiCkEd BaD bOy GeTs FuCkInG bAnIsHeD tO the ShAdOw ReALm,https://www.reddit.com/r/PeopleFuckingDying/comments/7jml4m/panicked_bad_boy_gets_fucking_banished_to_the/,11.7k,PeopleFuckingDying
"According to you guys, who is the greatest indian music director of all time?",https://www.reddit.com/r/india/comments/7jqgxw/according_to_you_guys_who_is_the_greatest_indian/,10,india
"This view is well worth the 9,000 mile journey!",https://www.reddit.com/r/Cricket/comments/7jo8br/this_view_is_well_worth_the_9000_mile_journey/,160,Cricket
"""Muslims fed bomb to cow"", fake news peddler ShankhNaad puts out yet another misleading video - Alt News",https://www.altnews.in/muslims-fed-bomb-cow-fake-news-peddler-shankhnaad-puts-yet-another-misleading-video/,76,india
Cat vs Mailman,https://i.imgur.com/pmzJKul.gifv,7371,gifs
Ajit Pai defends repealing net-neutrality with a rage- and cringe-inducing video,https://www.youtube.com/watch?v=LFhT6H6pRWg,1037,CringeAnarchy
"Seriously, why isn't this a thing in every game?",https://i.imgur.com/bFg9uR6.jpg,353,gaming
"So I got mail from spiceholiday in stating I can spend 4 days and 3 nights in Malaysia or thailand at just 15,499 INR. Hell yeah !",https://www.reddit.com/r/india/comments/7jpxcy/so_i_got_mail_from_spiceholiday_in_stating_i_can/,10,india
India's Top Court Wants Faster Implementation of Emission Norms,https://www.bloomberg.com/news/articles/2017-12-13/india-s-top-court-wants-faster-implementation-of-emission-norms,42,india
Finally completed my Straw Hat crew!,https://www.reddit.com/r/OnePiece/comments/7jokl1/finally_completed_my_straw_hat_crew/,224,OnePiece
live tweet thread by Gautam from inside the SC on aadhar hearing,https://twitter.com/gautambhatia88/status/941195399167016960,‚Ä¢,antiaadhar
GPS goes rogue on driver,https://www.youtube.com/watch?v=38pm2NIOceo&feature=youtu.be,‚Ä¢,videos
Classic Honey ft. üÖ±Ô∏èotato,https://www.reddit.com/r/indianpeoplequora/comments/7jq5gc/classic_honey_ft_otato/,14,indianpeoplequora
"The Same, But Different: Eastern Europeans Tire of Being Sold Inferior Products | Why does Nutella in Hungary contain less cocoa than the same spread in Germany? Why do fish sticks in Prague have less fish? The EU finally addresses the issue.",http://www.spiegel.de/international/business/eastern-europeans-tired-of-inferior-products-a-1182949.html,492,europe
#DadGoals,https://i.redd.it/opyifw2l7s301.jpg,3935,BlackPeopleTwitter
Eye protection for chopping or slicing onions.,https://i.imgur.com/k3U8tv0.gifv,2747,gifs
He found it,https://i.redd.it/ay6b42c8hs301.jpg,4633,DeepFriedMemes
Can we hear it for the MCU bald community?,https://www.reddit.com/r/marvelstudios/comments/7jo9be/can_we_hear_it_for_the_mcu_bald_community/,673,marvelstudios
What do Indian nerds think of Star Trek?,https://www.reddit.com/r/india/comments/7jpvel/what_do_indian_nerds_think_of_star_trek/,13,india
"Madhu Koda urges CBI court to show leniency, says he has two minor daughters | The Indian Express",http://indianexpress.com/article/india/madhu-koda-coal-scam-case-cbi-court-show-leniency-4982615/,‚Ä¢,india
"I've wanted to live in Europe for as long as I can remember, and after years of trying I just became an Italian citizen!",https://www.reddit.com/r/happy/comments/7jnnwu/ive_wanted_to_live_in_europe_for_as_long_as_i_can/,2199,happy
#SpeakForMe: Ask your MPs to raise your concerns about Aadhaar [NP],https://www.reddit.com/r/india/comments/7jk95z/speakforme_ask_your_mps_to_raise_your_concerns/,119,india
Getting excited over the little things,https://i.imgur.com/pGQ8df0.jpg,2130,wholesomememes
Rashford hits the crossbar (v. Bournemouth),https://twitter.com/utdxtra/status/941058903504293892,480,reddevils
"""Being surrounded by mutual friends"" starter pack",https://www.reddit.com/r/starterpacks/comments/7jo6y1/being_surrounded_by_mutual_friends_starter_pack/,2486,starterpacks
"TIL that wearing of the Fez hat is illegal in Turkey, having been banned in 1925",https://en.wikipedia.org/wiki/Fez,2873,todayilearned
I noticed a lot of shower curtains lately.. Here is the new one I just got for my guest bathroom,https://www.reddit.com/r/funny/comments/7jorls/i_noticed_a_lot_of_shower_curtains_lately_here_is/,4863,funny
Tactics Explained | Barcelona's 4-4-2 under Ernesto Valverde,https://www.youtube.com/watch?v=NL2JhJ4tnzk,‚Ä¢,Barca
When your husband cleans the kitchen and rearranges the fridge magnets...,https://www.reddit.com/r/funny/comments/7joaa8/when_your_husband_cleans_the_kitchen_and/,1946,funny
"I bought my childhood house, there's a weird tunnel in the attic- It goes somewhere- Update 3",https://www.reddit.com/r/nosleep/comments/7jpb5w/i_bought_my_childhood_house_theres_a_weird_tunnel/,941,nosleep
[No Spoilers] Great marketing by ULINE.,https://www.reddit.com/r/gameofthrones/comments/7jpaqf/no_spoilers_great_marketing_by_uline/,549,gameofthrones
The facts do not matter : Politicians like Trump and Modi play to our worst impulses as people believe what they want to believe,http://www.thehindu.com/opinion/lead/the-facts-do-not-matter/article21615781.ece,17,india
[Other] Disney deal set to value Fox at more than $75 billion,https://www.reuters.com/article/us-fox-m-a-walt-disney/disney-deal-set-to-value-fox-at-more-than-75-billion-source-idUSKBN1E7348?utm_source=twitter&utm_medium=Social,‚Ä¢,boxoffice
NEWS: Patrick Wilson Excited For The Future Of The DC Films Universe,https://heroichollywood.com/patrick-wilson-dc-extended-universe/,43,DC_Cinematic
The last image of two brothers before they both died a couple months apart from each other,https://i.imgur.com/PfMNjU8.jpg,4440,lastimages
Rohit Sharma has scored his 3rd double hundred in ODIs,https://www.reddit.com/r/Cricket/comments/7ji507/rohit_sharma_has_scored_his_3rd_double_hundred_in/,633,Cricket
[SPOILERS All] The location of a certain bit of data was hinted to in Season 1.,https://www.reddit.com/r/MrRobot/comments/7jp8pr/spoilers_all_the_location_of_a_certain_bit_of/,342,MrRobot
Oh Jeff,https://www.reddit.com/r/LateStageCapitalism/comments/7jmip6/oh_jeff/,6641,LateStageCapitalism
India‚Äôs current account deficit widens to 1.2% of GDP in July-September,http://www.livemint.com/Politics/WOPr8sEnZM0PWLNwa2bVjI/Indias-current-account-deficit-widens-to-12-of-GDP-in-Jul.html,41,india
The epic struggle of two cats in four panels,https://www.reddit.com/r/funny/comments/7jma9b/the_epic_struggle_of_two_cats_in_four_panels/,11.0k,funny
[Serious] Parents of Reddit: What's the scariest/most dangerous situation you've ever been in with your children that you managed to keep them blissfully unaware of?,https://www.reddit.com/r/AskReddit/comments/7jnnv7/serious_parents_of_reddit_whats_the_scariestmost/,1910,AskReddit
"Yes, Net Neutrality Is Being Stolen From Us in a Fucked Up, Undemocratic Heist",https://motherboard.vice.com/en_us/article/xwvg34/ajit-pai-net-neutrality-heist,35.9k,technology
Tengai and Baby rappa !,https://twitter.com/yukyami/status/940586657660641280,9,BokuNoHeroAcademia
TIFU by letting my kitten sniff my toothbrush.,https://www.reddit.com/r/tifu/comments/7jpy9a/tifu_by_letting_my_kitten_sniff_my_toothbrush/,415,tifu
Meet the Manipur IAS officer who built a 100 km road through crowdfunding,https://yourstory.com/2017/12/armstrong-pame-manipur-road/,16,UpliftingKhabre
How it feels trying to sell high and buy low,https://i.imgur.com/rXhdHFZ.gifv,854,Bitcoin
"Mr. Robot - 3x10 ""shutdown -r"" - Post-Episode Discussion",https://www.reddit.com/r/MrRobot/comments/7jp65l/mr_robot_3x10_shutdown_r_postepisode_discussion/,361,MrRobot
A cop stops a miner for speeding on the highway,https://www.reddit.com/r/Jokes/comments/7jl6ef/a_cop_stops_a_miner_for_speeding_on_the_highway/,15.7k,Jokes
India becomes the first team to register 100 instances of scoring 300 runs in an ODI.,http://www.cricbuzz.com/cricket-news/98989/india-race-to-a-ton-of-300s,176,Cricket
My girlfriend makes hot chocolate with water instead of milk. How do I let her down gently?,https://www.reddit.com/r/AskMen/comments/7jmv6v/my_girlfriend_makes_hot_chocolate_with_water/,3001,AskMen
Enter the Void,https://i.imgur.com/qzSGum0.jpg,26.8k,evilbuildings
"If you drop a slinky, the bottom floats in mid air until the top reaches it",https://gfycat.com/RelievedSelfassuredJackrabbit,3320,gifs
Net neutrality: The internet holds its breath,http://www.bbc.com/news/technology-42348041,17,worldnews
Why the Hell is nothing on the front page about Net Neutrality?,https://www.reddit.com/r/AskReddit/comments/7jpd09/why_the_hell_is_nothing_on_the_front_page_about/,517,AskReddit
India to get $250 million loan from World Bank for skilling plans: The objective of the project is to enhance institutional mechanisms for skills development and increase access to quality and market-relevant training for the work force,http://www.livemint.com/Politics/sI9kI35VndSWxd6Q2X2KDO/India-to-get-250-million-loan-from-World-Bank-for-skilling.html,39,india
Full Node Up and Running!!!,https://www.reddit.com/r/Iota/comments/7jq7g8/full_node_up_and_running/,110,Iota
Never commit more than one crime at a time...,https://www.reddit.com/r/ProRevenge/comments/7jmlpq/never_commit_more_than_one_crime_at_a_time/,8824,ProRevenge
Perth stadium innings break show,https://www.reddit.com/r/Cricket/comments/7jovs4/perth_stadium_innings_break_show/,51,Cricket
"McTominay highlights vs Bournemouth. This time the kid had license to go forward, and boy can he drive the ball forward. Can move surprisingly fast for his gigantic height. Shows glimpses of a ""killer"" pass but not quite there yet.",https://www.youtube.com/watch?v=5Scylbt-gnI,77,reddevils
[other] It was tiring,https://www.reddit.com/r/FUTMobile/comments/7jpvjm/other_it_was_tiring/,23,FUTMobile
Uh-oh,https://www.reddit.com/r/StarWars/comments/7joooo/uhoh/,936,StarWars
When wahmen is litüî•,https://www.reddit.com/r/PewdiepieSubmissions/comments/7joo71/when_wahmen_is_lit/,96,PewdiepieSubmissions
"Cheetah moms are solitary providers. Their fate as a species depends on a small number of females who are really good at nurturing cubs to independence, and keeping them safe while doing so. They have to do this day after day without making any mistakes and without help from males.",https://gfycat.com/VelvetyBlackandwhiteHorsemouse,7189,babybigcatgifs
Sleep Paralysis,https://www.reddit.com/r/creepy/comments/7jm4v2/sleep_paralysis/,12.0k,creepy
spotted in class today,https://i.redd.it/ww0fb6o6kr301.jpg,4613,teenagers
The facts do not matter - The Hindu [P],http://www.thehindu.com/opinion/lead/the-facts-do-not-matter/article21615781.ece,9,india
"My friend asked me to show this photo. It‚Äôs the best photo he‚Äôs ever taken. 1984, from winchman POV.",https://www.reddit.com/r/pics/comments/7joalb/my_friend_asked_me_to_show_this_photo_its_the/,1232,pics
India is buying world's emptiest airport in its battle for territorial dominance with China,https://www.businessinsider.in/India-is-buying-worlds-emptiest-airport-in-its-battle-for-territorial-dominance-with-China/articleshow/62046916.cms,12,india
A roller coaster of emotion,http://i.imgur.com/gZHMMlh.gifv,965,gifsthatkeepongiving
Young tuna.,https://www.reddit.com/r/DunderMifflin/comments/7jp9pk/young_tuna/,565,DunderMifflin
To steal the rest of the bread roll,https://i.imgur.com/rx7Dnec.gifv,19.9k,therewasanattempt
Weekly - Support thread - Dec 14,https://www.reddit.com/r/india/comments/7jp9b1/weekly_support_thread_dec_14/,30,india
[Image] Jim Carrey on doing what you love,https://i.imgur.com/QsVvVtg.png,5671,GetMotivated
Firoz Nadiadwala on Neeraj Vora‚Äôs death: Lost battle to save my brother and friend,http://indianexpress.com/article/entertainment/bollywood/firoz-nadiadwala-neeraj-vora-death-4982219/,6,india
"""Frank Opens a Sports Bar""",https://i.redd.it/c6dwkgt40s301.jpg,11.0k,IASIP
Goodboy better find a new hobby...,https://i.imgur.com/7hl7gRe.gifv,14.5k,StoppedWorking
Woke Ms. Katy Perry,https://www.reddit.com/r/im14andthisisdeep/comments/7joent/woke_ms_katy_perry/,845,im14andthisisdeep
Ants Drinking Liquid Candy (Time Lapse).,https://i.imgur.com/dSX2aG1.gifv,5242,interestingasfuck
My new chainchomp lamp! It‚Äôs so awesome and way bigger and heavier then I ever thought it would be.,https://www.reddit.com/r/gaming/comments/7jnso7/my_new_chainchomp_lamp_its_so_awesome_and_way/,5499,gaming
Will Morata play next game?,https://www.reddit.com/r/FantasyPL/comments/7jpser/will_morata_play_next_game/,27,FantasyPL
ITAP of winter in NYC,https://www.reddit.com/r/itookapicture/comments/7jl61s/itap_of_winter_in_nyc/,9086,itookapicture
Jackie Chan -- Love Me [80s Pop/R&B],https://www.youtube.com/watch?v=_R2hlBEvHVA,854,listentothis
'Jayanthi Tax' Was Actually 'Rahul Tax': BJP Revisits Old Charge Against UPA,http://www.news18.com/news/politics/jayanthi-tax-was-actually-rahul-tax-bjp-revisits-old-charge-against-upa-1603549.html,12,IndiaSpeaks
PSA from Chairman of the FCC Ajit Pai (7 Things You Can Still Do After Net Neutrality),http://youtube.com/watch?v=LFhT6H6pRWg,2945,FellowKids
iTunes Revival description,https://www.reddit.com/r/Eminem/comments/7jq3gn/itunes_revival_description/,61,Eminem
View from the Podium at Albert Park,https://www.reddit.com/r/formula1/comments/7jphbq/view_from_the_podium_at_albert_park/,124,formula1
Soon you will be able to chat in party chat using your phone through the Xbox app,https://www.reddit.com/r/xboxone/comments/7jq3dm/soon_you_will_be_able_to_chat_in_party_chat_using/,982,xboxone
[Guide] FIFA 18 Mobile TOTW - December Week 02,https://www.reddit.com/r/FUTMobile/comments/7jqxnl/guide_fifa_18_mobile_totw_december_week_02/,‚Ä¢,FUTMobile
This is my whole book. First unedited draft compared with last ready to print revision. Green color are changes.,https://i.imgur.com/4VFE2qZ.png,607,writing
"If Elon Musk makes it to Mars, is there anything to stop him from making Mars his own personal planet?",https://www.reddit.com/r/NoStupidQuestions/comments/7joq2c/if_elon_musk_makes_it_to_mars_is_there_anything/,744,NoStupidQuestions
Episode 8-01 in a nutshell,https://www.reddit.com/r/freefolk/comments/7jopz4/episode_801_in_a_nutshell/,486,freefolk
I used to lose multiple pencils a week. This one completed an entire ME degree.,https://i.imgur.com/2iTGIb3.jpg,683,EngineeringStudents
Just pointing out how ridiculous and hilarious fodder deaths are.,https://www.reddit.com/r/Naruto/comments/7jqf7l/just_pointing_out_how_ridiculous_and_hilarious/,10,Naruto
Any update about BANK rules?,https://www.reddit.com/r/india/comments/7jqesx/any_update_about_bank_rules/,8,india
Gujarat and Himachal Exit poll discussion thread,https://www.reddit.com/r/IndiaSpeaks/comments/7jqw7s/gujarat_and_himachal_exit_poll_discussion_thread/,‚Ä¢,IndiaSpeaks
A Journey Back In Time,https://www.reddit.com/r/AccidentalRenaissance/comments/7jm348/a_journey_back_in_time/,9037,AccidentalRenaissance
My favorite character of the season.,https://www.reddit.com/r/MrRobot/comments/7jowaq/my_favorite_character_of_the_season/,362,MrRobot
Quite a Motorcycle.,https://i.imgur.com/soMTJXx.gifv,1013,gifs
‚ÄòMr. Robot‚Äô Renewed for Season 4 at USA,http://variety.com/2017/tv/news/mr-robot-renewed-season-4-usa-1202639029/,11.4k,MrRobot
[Math] What the average gamer does on FifaMobile per day (Guide if you dont have a plan. I guess),https://i.imgur.com/ZoV87FP.png,20,FUTMobile
[OC] [Gameweek-17] Premier League Table 2017/18 if the remaining fixtures play out the same as last season,https://www.reddit.com/r/reddevils/comments/7jqe1y/oc_gameweek17_premier_league_table_201718_if_the/,15,reddevils
A moment if silence for those who sold their Ethereum at ~$160 during the first big correction back in July.,https://www.reddit.com/r/ethtrader/comments/7jpe38/a_moment_if_silence_for_those_who_sold_their/,279,ethtrader
HardwareCanucks: RX480 perform about the same as GTX1080 in Premiere with Adrenalin driver,https://www.reddit.com/r/Amd/comments/7jnya4/hardwarecanucks_rx480_perform_about_the_same_as/,552,Amd
[Suggestion] It would be decent if EA brought back the stamina refill upon daily activity completion.,https://www.reddit.com/r/FUTMobile/comments/7jlw8l/suggestion_it_would_be_decent_if_ea_brought_back/,152,FUTMobile
"Apple makes $1,444.76 per second",https://visual.ly/community/Infographics/business/what-most-profitable-companies-make-second,2741,apple
Someone recommended Colin spray for cleaning the laptops screen in a thread so i went to amazon to place an order and found this Gem,https://i.redd.it/98wqodf85p301.jpg,130,india
"Hurry TF up, damn",https://imgur.com/qDNDOhX,98,BlackPeopleTwitter
"With the win today, United has equaled the number of wins at Old Trafford in the Premier League from last year.",https://www.reddit.com/r/reddevils/comments/7jmsks/with_the_win_today_united_has_equaled_the_number/,308,reddevils
Catching a ride,https://i.imgur.com/9Rjr3jg.gifv,1848,gifs
"""Stop it mom! My hair is fine, I like it the way it is!""",https://gfycat.com/AbleWellgroomedKiskadee,11.9k,CatTaps
"Gov. Inslee tweets ""Washington state will act under our own authority, our own laws and our own jurisdiction to protect #NetNeutrality""",https://twitter.com/GovInslee/status/941075518924865536,34.5k,SeattleWA
Roy Moore refuses to concede the Alabama Senate race.,https://www.reddit.com/r/Jokes/comments/7jm9t7/roy_moore_refuses_to_concede_the_alabama_senate/,6453,Jokes
"Rajasthan murder: Police freeze bank account created to fund man who killed, burned Muslim migrant",https://amp.scroll.in/article/861436/rajasthan-murder-police-freeze-bank-account-created-to-fund-man-who-killed-burned-muslim-migrant?__twitter_impression=true,8,india
AliExpress. After that noobness.,https://www.reddit.com/r/india/comments/7jlkhr/aliexpress_after_that_noobness/,56,india
The sad truth,https://www.reddit.com/r/dank_meme/comments/7jpzfc/the_sad_truth/,211,dank_meme
"David Cameron to Trump: Your ‚Äòfake news‚Äô act is ‚Äòdangerous‚Äô -- ‚Äú‚ÄòFake news‚Äô is not broadcasters criticizing you, it‚Äôs Russian bots and trolls targeting your democracy,‚Äù says former British leader.",https://www.politico.eu/article/david-cameron-to-trump-your-fake-news-act-is-dangerous/,82.4k,worldnews
"Replaced battery on 6 Plus, instantly back to normal speed! Thanks r/Apple!",https://www.reddit.com/r/apple/comments/7joemu/replaced_battery_on_6_plus_instantly_back_to/,227,apple
I drew my PUBG adventures as cats!,https://www.reddit.com/r/PUBATTLEGROUNDS/comments/7jnwfw/i_drew_my_pubg_adventures_as_cats/,2951,PUBATTLEGROUNDS
"Government extends Aadhaar-bank a/c linking deadline to March 31, 2018",https://m.timesofindia.com/business/india-business/government-extends-aadhaar-bank-a/c-linking-deadline-to-march-31/amp_articleshow/62054002.cms,26,india
Is it just me or...,https://imgur.com/a/DhhwE,164,MrRobot
"TIL in 2010 British goat milk farmer reportedly discovered his goats made more milk when Mariah Carey's ""All I Want For Christmas is You"" was played on loop",https://nypost.com/2014/12/13/8-things-you-didnt-know-about-all-i-want-for-christmas-is-you/,5695,todayilearned
Guy rides his bike off a cliff...No seriously,https://youtu.be/_Zb0_Hu5jIM?t=22s,2899,nononono
The sincerest apology,https://www.reddit.com/r/Trumpgret/comments/7jo6z7/the_sincerest_apology/,2003,Trumpgret
Amit Shah Was Once Booth Manager In Area Where He Voted Today As BJP Boss,https://www.ndtv.com/india-news/gujarat-assembly-election-2017-bjp-chief-amit-shah-votes-in-area-where-he-was-booth-manager-in-80s-1787630,‚Ä¢,IndiaSpeaks
Poor Pooh...,https://i.redd.it/l8soewz6hr301.jpg,2236,StrangerThings
Android Oreo Beta Rolling Out to Xiaomi Mi A1 Beta Testers,https://www.xda-developers.com/xiaomi-mi-a1-android-oreo-beta/,160,Android
China‚Äôs LONGi plans solar equipment manufacturing facility in India,http://www.livemint.com/Industry/oIBK2RcB4f5G75kTGR9J8I/Chinas-LONGi-plans-solar-equipment-manufacturing-facility-i.html,40,india
Scumbag Eminem,https://www.reddit.com/r/Eminem/comments/7jpxkn/scumbag_eminem/,54,Eminem
Moscow International Business Center,https://i.imgur.com/qprfARE.jpg,‚Ä¢,pics
[Suggestion] Matchup Points,https://www.reddit.com/r/FUTMobile/comments/7jqsli/suggestion_matchup_points/,‚Ä¢,FUTMobile
The Life of an r/Bitcoin Trader,https://i.imgur.com/wFaoviu.jpg,667,Bitcoin
My poster is now outdated...,https://www.reddit.com/r/StarWars/comments/7jnabu/my_poster_is_now_outdated/,2782,StarWars
Revival...,https://www.reddit.com/r/Eminem/comments/7joymx/revival/,127,Eminem
"Women marry men hoping they will change. Men marry women hoping they will not. So, each is inevitably disappointed. ~ Albert Einstein",https://www.reddit.com/r/quotes/comments/7jn8tj/women_marry_men_hoping_they_will_change_men_marry/,645,quotes
woof_irl,https://www.reddit.com/r/woof_irl/comments/7joowu/woof_irl/,933,woof_irl
"Open Thread: No midweek match, share your pictures and videos and let's talk",https://www.reddit.com/r/Barca/comments/7jpvkh/open_thread_no_midweek_match_share_your_pictures/,10,Barca
Just Monika,https://www.reddit.com/r/PewdiepieSubmissions/comments/7jpvj2/just_monika/,74,PewdiepieSubmissions
"PM Narendra Modi Walks With Inked Finger For Huge Crowd, Congress Alleges Roadshow: 10 Facts",https://www.ndtv.com/india-news/gujarat-assembly-election-2017-phase-2-gujarat-to-vote-for-93-seats-in-second-phase-of-polling-today-1787520,6,india
"Let's go for a bike ride they said, it will be fun they said",https://www.reddit.com/r/funny/comments/7jmfyt/lets_go_for_a_bike_ride_they_said_it_will_be_fun/,50.2k,funny
2 reasons I don't give money to homeless people,https://www.reddit.com/r/Jokes/comments/7jl9xa/2_reasons_i_dont_give_money_to_homeless_people/,4185,Jokes
"Yaroslavl Region, Rostov [2550x1500]",https://i.imgur.com/2HjI7sy.jpg,‚Ä¢,CityPorn
Aerial view of the Blue Dragon River in Portugal,https://i.imgur.com/m3c6TAY.jpg,57.5k,pics
Gotta be prepared for the future.,https://i.redd.it/1iy719vpsp301.png,13.3k,ProgrammerHumor
Dark humour is like food.,https://www.reddit.com/r/Jokes/comments/7jqq61/dark_humour_is_like_food/,‚Ä¢,Jokes
To the jerk that stole my headphones.,https://www.reddit.com/r/headphones/comments/7jlrkg/to_the_jerk_that_stole_my_headphones/,5654,headphones
Pooopoo,https://www.reddit.com/r/dank_meme/comments/7jpuej/pooopoo/,104,dank_meme
FANART: Justice League by Fpeniche,https://www.reddit.com/r/DC_Cinematic/comments/7jof4z/fanart_justice_league_by_fpeniche/,206,DC_Cinematic
"Mourinho says he thinks Bailly's injury is ""serious"". Says if things don't improve he may need surgery. Already missed the last 8 matches",https://twitter.com/TelegraphDucker/status/941069343693131776,143,reddevils
Popular meme template - GOT,https://www.reddit.com/r/freefolk/comments/7jj2cp/popular_meme_template_got/,16.5k,freefolk
True that.,https://www.reddit.com/r/FunnyandSad/comments/7jmdsm/true_that/,12.5k,FunnyandSad
[Image] Marcus Aurelius on Happiness,https://www.reddit.com/r/GetMotivated/comments/7jj6ow/image_marcus_aurelius_on_happiness/,28.7k,GetMotivated
"This podcast episode really helped me understand how to use reverb, thought you all might enjoy",https://www.sound.academy/learning/episode-6/,209,WeAreTheMusicMakers
"r/India , what do you guys think of the show 'Big Boss' ? Why is it so famous in India ?",https://www.reddit.com/r/india/comments/7jq81g/rindia_what_do_you_guys_think_of_the_show_big/,6,india
Alabama Gerrymandering: Doug Jones won 1 congressional district while Roy Moore won 6,https://twitter.com/_cingraham/status/941035425929371648,546,dataisbeautiful
Will make your life difficult in Barabanki: BJP MP threatens IAS officer over anti-encroachment drive,http://www.timesnownews.com/amp/india/article/will-make-your-life-difficult-in-barabanki-bjp-mp-priyanka-singh-rawat-threatens-ias-officer-sub-divisional-magistrate-anti-encroachment-drive-video/145719,106,india
[xfwm] lights,https://www.reddit.com/r/unixporn/comments/7jovaj/xfwm_lights/,202,unixporn
"Faizan Haider Naqvi's answer to What exactly is offensive in saying ""Bharat mata ki Jai"" that some people refuse to say it?",https://www.quora.com/What-exactly-is-offensive-in-saying-Bharat-mata-ki-Jai-that-some-people-refuse-to-say-it/answer/Faizan-Haider-Naqvi-1?srid=tdPM,10,IndiaSpeaks
"LPT: When asking about someone's exam, don't ask what grade they got. Just ask if they're happy with their grade.",https://www.reddit.com/r/LifeProTips/comments/7jq7ol/lpt_when_asking_about_someones_exam_dont_ask_what/,128,LifeProTips
Masters in CS vs Masters in HCI,https://www.reddit.com/r/gradadmissions/comments/7jqp13/masters_in_cs_vs_masters_in_hci/,‚Ä¢,gradadmissions
Field defying the laws of nature to mess with my team,https://www.reddit.com/r/FantasyPL/comments/7jmzz0/field_defying_the_laws_of_nature_to_mess_with_my/,223,FantasyPL
"Hyderabad: Long queues in banks for withdrawing money, panic among people",https://www.siasat.com/news/hyderabad-long-queues-banks-withdrawing-money-panic-among-people-1278898/,‚Ä¢,india
Greatest show on YouTube everybody !!,https://www.reddit.com/r/PewdiepieSubmissions/comments/7jkqef/greatest_show_on_youtube_everybody/,837,PewdiepieSubmissions
"Found this interesting article from 2009 about the real myth of ""Odiyan""",https://valluvanadtimes.wordpress.com/2009/12/25/odiyan/,12,Kerala
Newcastle just can‚Äôt get enough of Wazza,https://streamable.com/0rftv,322,reddevils
No Honor Pt.2 : The Revenge,https://www.reddit.com/r/freefolk/comments/7jqoi5/no_honor_pt2_the_revenge/,‚Ä¢,freefolk
Vote for net neutrality!,https://www.reddit.com/r/FlashTV/comments/7jmso1/vote_for_net_neutrality/,669,FlashTV
Master Chief Cosplay,http://i.imgur.com/nFjoIdN.gifv,26.6k,gaming
"My dad needed to test a new filament, so he made this and gave it to me.",https://www.reddit.com/r/zelda/comments/7jnxv9/my_dad_needed_to_test_a_new_filament_so_he_made/,5360,zelda
Manchster United 1-0 Bournemouth: Lukaku,https://imgtc.com/w/Gl7823W,433,reddevils
He's back exposing his magician friends new tricks.,https://i.imgur.com/vilqVu6.gifv,11.1k,interestingasfuck
Just Finished One Piece Pre Timeskip,https://www.reddit.com/r/OnePiece/comments/7jq65b/just_finished_one_piece_pre_timeskip/,30,OnePiece
I just set up the ETN wallet and I have to say,https://www.reddit.com/r/Electroneum/comments/7jq63l/i_just_set_up_the_etn_wallet_and_i_have_to_say/,5,Electroneum
Rivers of Iceland [2000x1083] by Sergey Aleschenko,https://c2.staticflickr.com/4/3890/32899089570_c4a17079fc_o.jpg,48.7k,EarthPorn
Anon is happy,https://www.reddit.com/r/wholesomegreentext/comments/7joj90/anon_is_happy/,1252,wholesomegreentext
Arthur Enough of this Nonsense! You make a move now.,https://www.reddit.com/r/tezos/comments/7jqngc/arthur_enough_of_this_nonsense_you_make_a_move_now/,‚Ä¢,tezos
[Shitpost] OTA!!!,https://www.reddit.com/r/arrow/comments/7joau3/shitpost_ota/,204,arrow
Welcome to the rat race,https://www.reddit.com/r/comics/comments/7jimd4/welcome_to_the_rat_race/,36.0k,comics
"LPT: If you get a Telemarketer calls you by your name, just say ""Sorry, Wrong Number"". They are more likely to take you off their calling list since they think they have wrong information profile.",https://www.reddit.com/r/LifeProTips/comments/7jj0x8/lpt_if_you_get_a_telemarketer_calls_you_by_your/,41.2k,LifeProTips
"Turd Dragon, Copic & ink, A4",https://i.imgur.com/V2CF3Gn.jpg,588,Art
Hii,https://www.reddit.com/r/indianpeoplefacebook/comments/7jio00/hii/,8667,indianpeoplefacebook
And an F1 friendship is born,https://www.reddit.com/r/formula1/comments/7jm81r/and_an_f1_friendship_is_born/,952,formula1
me & my friend agreed to wait until the actual album drop to listen and,https://www.reddit.com/r/Eminem/comments/7joqw4/me_my_friend_agreed_to_wait_until_the_actual/,292,Eminem
Rockhold on Gastelum: ‚ÄúThat little midget should be fighting for the title? How? How in the world does he think that? The kid hasn‚Äôt accomplished anything yet.‚Äù,https://www.dailytelegraph.com.au/sport/ufc-221-robert-whittaker-challenger-luke-rockhold-says-kevin-gastelum-is-a-little-midget/news-story/ef6c08ac1f3c611700fcc370f67d9505,224,MMA
"""We need to talk...""",https://www.reddit.com/r/Jokes/comments/7jqmci/we_need_to_talk/,‚Ä¢,Jokes
Hospital cost lowest in Karnataka,https://i.redd.it/gm1mfet30v301.jpg,‚Ä¢,ImagesOfIndia
Hospital cost lowest in Karnataka,https://i.redd.it/gm1mfet30v301.jpg,‚Ä¢,india
Ted Lieu (CA-33): Chairman Pai must delay Net Neutrality vote or risk being complicit in criminal misconduct,https://lieu.house.gov/media-center/press-releases/rep-lieu-opposes-fcc-net-neutrality-vote-tomorrow,3429,technology
Mohammed Salah jump's,https://www.reddit.com/r/LiverpoolFC/comments/7jm701/mohammed_salah_jumps/,784,LiverpoolFC
[Official Updates] Change to the League Vs. League Matchmaking numbers,https://www.reddit.com/r/FUTMobile/comments/7jo8ph/official_updates_change_to_the_league_vs_league/,45,FUTMobile
"In Japan, one should expect to get what one expects",https://imgur.com/3gQuX4Q,365,ExpectationVsReality
He's back exposing his magician friends new tricks.,https://i.imgur.com/vilqVu6.gifv,11.1k,interestingasfuck
"Walt Disney to buy 21st Century Fox's film, television and international businesses for over $75 billion",https://www.reuters.com/article/us-fox-m-a-walt-disney/disney-deal-set-to-value-fox-at-more-than-75-billion-source-idUSKBN1E7348?utm_source=twitter&utm_medium=Social,53,movies
Our front 3 masks how bad our midfield is,https://www.reddit.com/r/LiverpoolFC/comments/7jmyoc/our_front_3_masks_how_bad_our_midfield_is/,184,LiverpoolFC
All Legends going to add in Pes Mobile,https://www.reddit.com/r/pesmobile/comments/7jpovw/all_legends_going_to_add_in_pes_mobile/,6,pesmobile
Did Microsoft outbid Google or something? How did they get this partnership with Reddit instead of Google? Google needs to up their game.,https://redditblog.com/2017/12/13/reddit-microsoft-power-bi-bing/,173,google
"Mmmm, bacon!",https://i.imgur.com/t8FGdHG.gifv,12.8k,gifs
Irish fair skin can be traced to India and the Middle East [NP],https://www.irishcentral.com/roots/the-light-skin-of-the-irish-can-be-traced-to-india-and-the-middle-east-239166271-239671671#.WjGLfKrpB3I.twitter,38,india
Late Afternoon Rainfall.,https://www.reddit.com/r/raining/comments/7jq3gk/late_afternoon_rainfall/,167,raining
This guy just tried to trick me.,https://www.reddit.com/r/litecoin/comments/7jlbyr/this_guy_just_tried_to_trick_me/,9764,litecoin
Eating a clock is so...,https://www.reddit.com/r/Jokes/comments/7jqkvj/eating_a_clock_is_so/,8,Jokes
"If you drop a slinky, the bottom floats in mid air until the top reaches it.",https://gfycat.com/RelievedSelfassuredJackrabbit,88,interestingasfuck
David de Gea ($5.8m) has the same amount of points as Harold Kane ($12.9m),https://www.reddit.com/r/FantasyPL/comments/7jmwda/david_de_gea_58m_has_the_same_amount_of_points_as/,158,FantasyPL
Glassworker's torch,https://i.imgur.com/AJu45DL.gifv,16.4k,EngineeringPorn
This is the bravest man I have ever seen,https://i.imgur.com/4XO8f93.gifv,361,CasualUK
Dog sleeping in a window display in turkey. Store workers let him stay the whole time because it was so cold outside.,https://www.reddit.com/r/HumansBeingBros/comments/7jkcsg/dog_sleeping_in_a_window_display_in_turkey_store/,37.9k,HumansBeingBros
Pupper just found his feet,https://gfycat.com/FrankMaleArgusfish,3315,aww
Philippe Coutinho was the 10th most searched person on Google in 2017,https://i.imgur.com/XJuNPQ3.jpg,6,LiverpoolFC
Saudi Arabia's decision to reopen cinema halls sparks similar debate in J&K,http://indiatoday.intoday.in/story/jammu-kashmir-cinema-halls-mehbooba-mufti-saudi-arabia/1/1109143.html,7,india
Fed up of being coerced into Aadhaar? Tell your Member of Parliament to #SpeakForMe. We‚Äôve made it easy.,https://www.speakforme.in/mp/,12,india
Tonight on the grand tour... jezza drives a golf cart...,https://i.redd.it/wd96lxcb5t301.gif,327,thegrandtour
"In the Star Wars universe, are there just random lasers zooming around the galaxy (from all of the missed shots from battles in space)?",https://www.reddit.com/r/Showerthoughts/comments/7jp8is/in_the_star_wars_universe_are_there_just_random/,335,Showerthoughts
River is in the trending section on Genius... an unreleased song,https://www.reddit.com/r/Eminem/comments/7jpmb1/river_is_in_the_trending_section_on_genius_an/,47,Eminem
Android MVP Architecture for Beginners in Different Implementations.,https://github.com/nawinkhatiwada/AndroidMVPArchitecture,15,androiddev
Sleep paralysis phenomena,https://www.reddit.com/r/nosleep/comments/7jqjfh/sleep_paralysis_phenomena/,7,nosleep
Get a Supreme leash for full effect,https://i.redd.it/le6ky5zngs301.jpg,2070,BlackPeopleTwitter
"I created a website to visualize and quantify pros / cons for ANY Amazon electronics product, based on its user reviews. It enables readers to go through thousands of reviews in a few minutes. [OC]",https://www.reddit.com/r/dataisbeautiful/comments/7jkb37/i_created_a_website_to_visualize_and_quantify/,21.2k,dataisbeautiful
What is CBSE like? I studied ICSE till 10th,https://www.reddit.com/r/india/comments/7jovbu/what_is_cbse_like_i_studied_icse_till_10th/,22,india
Oh Calvin!!!,https://www.reddit.com/r/calvinandhobbes/comments/7jj7au/oh_calvin/,15.3k,calvinandhobbes
Gal Gadot photographed by Cass Bird for GQ,https://www.reddit.com/r/GalGadot/comments/7jo36f/gal_gadot_photographed_by_cass_bird_for_gq/,195,GalGadot
"If the Ferrari F1 team are part of a publicly listed company, wouldn‚Äôt they legally need to disclose the salaries of there top paid employees i.e Seb and Kimi?",https://www.reddit.com/r/formula1/comments/7jqioh/if_the_ferrari_f1_team_are_part_of_a_publicly/,2,formula1
[Sam Lee] Man City weigh up moves for Van Dijk and Martinez,http://www.goal.com/en-gb/news/manchester-city-virgil-van-dijk-inigo-martinez-transfer/13i7locb4g0ue1vm1ogbh1dp0a,8,MCFC
Selling a psp 3004 w/ 5 games,https://www.reddit.com/r/IndianGaming/comments/7jouyu/selling_a_psp_3004_w_5_games/,6,IndianGaming
Revival Megathread,https://www.reddit.com/r/Eminem/comments/7jlsi9/revival_megathread/,506,Eminem
"It's time to SPEED UP this MASS IMPLEMENTATION. Everyone, lets run the FULL NODE and launch this tangle to the moooon!! #IOTA",https://www.youtube.com/watch?v=euCx9In-Cfs,34,Iota
Was told to post my WoT tattoo over here. How does it look?,https://www.reddit.com/r/Fantasy/comments/7jpka5/was_told_to_post_my_wot_tattoo_over_here_how_does/,306,Fantasy
Phyllium giganteum Females,https://i.imgur.com/mnZHmB4.gifv,4912,gifs
Satellite images prove China's malafide intentions of diverting Brahmaputra water into desert. The latest satellite images reflect how China has been deflected the claims of India of diverting and polluting water of river Siang in Arunachal Pradesh.,http://indiatoday.intoday.in/story/satellite-images-prove-china-malafide-intentions-of-diverting-brahmaputra-water-into-desert/1/1109597.html,5,india
"Back again, this time drawing the final panel of the entire series.",https://orig00.deviantart.net/53ce/f/2017/347/b/1/finale_by_abdnext-dbwmdn6.jpg,300,OnePiece
Feel your anger flowing through you,https://www.reddit.com/r/PrequelMemes/comments/7jnnmd/feel_your_anger_flowing_through_you/,2776,PrequelMemes
The David Silva Price Drop Resistance Thread,https://www.reddit.com/r/FantasyPL/comments/7jmb2j/the_david_silva_price_drop_resistance_thread/,201,FantasyPL
Your transaction is stuck? I'll confirm it for you.,https://www.reddit.com/r/Iota/comments/7jpz7e/your_transaction_is_stuck_ill_confirm_it_for_you/,163,Iota
Android Auto now available across Maruti range,https://www.autocarindia.com/car-news/android-auto-now-available-across-maruti-range-406812,6,india
NO CHAPTER THIS WEEK,https://www.reddit.com/r/BokuNoHeroAcademia/comments/7jqhim/no_chapter_this_week/,35,BokuNoHeroAcademia
meirl,https://www.reddit.com/r/meirl/comments/7jpytc/meirl/,207,meirl
Loss,https://www.reddit.com/r/PewdiepieSubmissions/comments/7jp55j/loss/,77,PewdiepieSubmissions
They Both Are Hopeless! üòÇüòÇüòÇ,https://www.reddit.com/r/OnePiece/comments/7jjje0/they_both_are_hopeless/,3328,OnePiece
"Maha CM's wife Amruta Fadvanis ""attacked"" online for attending Christmas event- allowed THRICE in a day. | First at 150 points, next at 92 points and again later 54 points.",https://imgur.com/a/MWq1X,5,indiadiscussion
"Ladies who live in colder climates, how does your vagina breathe when you're trying to be warm?",https://www.reddit.com/r/AskWomen/comments/7jpix1/ladies_who_live_in_colder_climates_how_does_your/,242,AskWomen
Borderlands guns compared to different electronics.,https://www.reddit.com/r/gaming/comments/7jmu3y/borderlands_guns_compared_to_different_electronics/,4808,gaming
Oh..A new Pediepei Video!,https://www.reddit.com/r/PewdiepieSubmissions/comments/7jpitk/oha_new_pediepei_video/,113,PewdiepieSubmissions
Scary lunch with this guy in the corner,https://i.imgur.com/pAZqVOo.jpg,101,betterCallSaul
On the Alabama senate election.,https://www.reddit.com/r/Prematurecelebration/comments/7jncuq/on_the_alabama_senate_election/,1644,Prematurecelebration
Anime_IRL,https://i.imgur.com/Sk4U5HD.png,1059,anime_irl
"The FCC votes on whether or not to abolish net neutrality TOMORROW. This is your last chance to call, text, tweet, or send an email. We can't let them get away with this. (2017)",https://www.battleforthenet.com/,42,Documentaries
IT teacher on the last test,https://i.redd.it/yjuhi5zhsu301.png,27,ProgrammerHumor
Who are Roy Moore and Doug Jones and what exactly did Moore do? Why is this special election in Alabama so special? And what has 'roll tide' to do with it? These questions and more in this megathread,https://www.reddit.com/r/OutOfTheLoop/comments/7jm09f/who_are_roy_moore_and_doug_jones_and_what_exactly/,4048,OutOfTheLoop
Somebody once told me the world is gonna roll me,https://www.reddit.com/r/memes/comments/7jqgi8/somebody_once_told_me_the_world_is_gonna_roll_me/,15,memes
Bihar boy kills self hours after being forced to marry widowed sister-in-law,http://m.hindustantimes.com/india-news/minor-boy-commits-suicide-two-hours-after-forced-into-marriage-with-widow-sister-in-law-in-bihar-s-gaya/story-FxewngGvamodQAOIYRSP7J.html,8,IndiaSpeaks
Jaguar pulling a caiman out of the water,https://gfycat.com/IllustriousImpressiveBluebottlejellyfish,3596,BigCatGifs
That Ed Sheeran hook...,https://www.reddit.com/r/Eminem/comments/7jqg69/that_ed_sheeran_hook/,10,Eminem
Huskies have the best zoomies,https://www.reddit.com/r/BetterEveryLoop/comments/7jp36u/huskies_have_the_best_zoomies/,936,BetterEveryLoop
This movie feels very underrated,https://www.reddit.com/r/marvelstudios/comments/7jogjg/this_movie_feels_very_underrated/,188,marvelstudios
Hitler‚Äôs Hindus: The rise and rise of India‚Äôs Nazi-loving nationalists - Opinion - Israel News,https://www.haaretz.com/opinion/.premium-1.828702,9,india
First time in the ocean and this is what he does,https://i.imgur.com/jgyEg.jpg,46,funny
Respect,https://i.redd.it/tw8azyfdru301.jpg,38,wholesomememes
Bryan Cranston impersonates Jesse! (2:08),https://youtu.be/2KP8CvC-Ru0,41,breakingbad
Mr. Robot the goat,https://www.reddit.com/r/MrRobot/comments/7jpgz4/mr_robot_the_goat/,35,MrRobot
Piece of building siding fell of my residence hall and found my car,https://www.reddit.com/r/Wellthatsucks/comments/7joqig/piece_of_building_siding_fell_of_my_residence/,1748,Wellthatsucks
"""The Big One"" by Bastien Grivet, Digital, 2014",https://www.reddit.com/r/Art/comments/7jkwes/the_big_one_by_bastien_grivet_digital_2014/,19.0k,Art
YSK: That putting a pic in your email signature that says people shouldn't print emails will waste MORE paper than just putting one line of text in your signature.,https://www.reddit.com/r/YouShouldKnow/comments/7jljjd/ysk_that_putting_a_pic_in_your_email_signature/,2422,YouShouldKnow
The fact that we assume that aliens and uncontrolled AI would immediately try to kill us off because of the way we act/our past; says a lot about how we perceive ourselves. As if we are picking the punishment we feel we deserve,https://www.reddit.com/r/Showerthoughts/comments/7jpwmf/the_fact_that_we_assume_that_aliens_and/,139,Showerthoughts
The Star Spangled Banner is boring as shit. You're President King for a day- what do you make the new national anthem?,https://www.reddit.com/r/AskReddit/comments/7jpglb/the_star_spangled_banner_is_boring_as_shit_youre/,33,AskReddit
How my dad caught a squirrel,https://www.reddit.com/r/funny/comments/7jmfoi/how_my_dad_caught_a_squirrel/,9973,funny
A polar bear standing on top of a whale skull,https://i.imgur.com/d01sIil.jpg,27.5k,natureismetal
I found a journal at a coffee shop,https://www.reddit.com/r/nosleep/comments/7jn9rs/i_found_a_journal_at_a_coffee_shop/,640,nosleep
"Roger Ver once used his administrative privileges on Blockchain.info to lookup a person‚Äôs IP address, phone number, and other personal information using the their Bitcoin address and then posted it to Bitcointalk forums.",https://bitcointalk.org/index.php?topic=131574.msg1409056#msg1409056,943,Bitcoin
Difference between Dany's brother by blood and her brother figure,https://www.reddit.com/r/freefolk/comments/7jo5ln/difference_between_danys_brother_by_blood_and_her/,237,freefolk
[Manga Spoilers] Can‚Äôt contain the hype so drew Eren,https://www.reddit.com/r/ShingekiNoKyojin/comments/7jo58c/manga_spoilers_cant_contain_the_hype_so_drew_eren/,228,ShingekiNoKyojin
[Spoilers/Shitpost] /r/LegendsOfTomorrow after 3x09,https://i.imgur.com/wrjvYap.gifv,167,LegendsOfTomorrow
"TIL about Dana Lewis, who has diabetes built her own artificial pancreas, she used social media, computer skills and mail-ordered parts to invent an artificial pancreas for people with diabetes and she is giving away the plans for free",http://www.al.com/news/huntsville/index.ssf/2017/05/daniel_lewis_built_her_own_art.html,3773,todayilearned
EC issues notice to Rahul Gandhi for TV interviews - The Hindu,http://www.thehindu.com/news/national/ec-directs-fir-against-tv-channels-for-airing-rahuls-interview/article21597935.ece,9,india
What is your guilty pleasure song?,https://www.reddit.com/r/AskReddit/comments/7jqema/what_is_your_guilty_pleasure_song/,114,AskReddit
Alternate Thor: Ragnarok movie poster,https://twitter.com/genkiboyss/status/940981156920492032,849,marvelstudios
Gupta from MS support,https://i.redd.it/9noa5ihipu301.jpg,24,DeepFriedMemes
Prediction: Xtrabytes to 20x it's market cap within two weeks. Here is why...,https://www.reddit.com/r/CryptoCurrency/comments/7jpepx/prediction_xtrabytes_to_20x_its_market_cap_within/,50,CryptoCurrency
People doing cool stunts with wheelchairs,https://www.reddit.com/r/PewdiepieSubmissions/comments/7jpv9u/people_doing_cool_stunts_with_wheelchairs/,58,PewdiepieSubmissions
Can someone stop this fraud man who goes by the name of Jackfilms?,https://www.reddit.com/r/PewdiepieSubmissions/comments/7jnewb/can_someone_stop_this_fraud_man_who_goes_by_the/,181,PewdiepieSubmissions
Quick & Precise from Ederson,https://streamable.com/fl4u1,70,MCFC
This magic Christmas sweater,https://i.imgur.com/kbYR4EB.gifv,16.5k,INEEEEDIT
Not surprised he cut me off.,https://i.imgur.com/4XCZhwu.jpg,1171,pics
Let there be rocks Bobby.,https://i.imgur.com/ufL1Ve7.gifv,536,interestingasfuck
xkcd 1928:Seven Years,https://xkcd.com/1928/,4308,xkcd
INS Kalvari submarine affirms Make in India's giant strides: MDL,https://economictimes.indiatimes.com/news/defence/ins-kalvari-submarine-affirms-make-in-indias-giant-strides-mdl/articleshow/62065127.cms,3,IndiaSpeaks
"After the Swansea match, KDB and Anaconda Silva each have 5 goals and 8 assists (PL leaders). Also, easily the best looking midfield pair in the world",https://i.redd.it/x44ls1osjt301.jpg,73,MCFC
[SPOILER] It was the key to everything.,https://www.reddit.com/r/MrRobot/comments/7jpdao/spoiler_it_was_the_key_to_everything/,118,MrRobot
future of atom,https://i.redd.it/p492x9ixnu301.png,44,ProgrammerHumor
Batman and Superman both think the other is the better man. [Batman #36],https://www.reddit.com/r/batman/comments/7jpd70/batman_and_superman_both_think_the_other_is_the/,150,batman
"100,000,000 views",https://www.reddit.com/r/marvelstudios/comments/7jkbqh/100000000_views/,7303,marvelstudios
This Apartment building <3,https://www.reddit.com/r/AccidentalWesAnderson/comments/7jjf0h/this_apartment_building_3/,10.8k,AccidentalWesAnderson
Bill talks about this place all the time apparently.,https://www.reddit.com/r/BillBurr/comments/7jqd7t/bill_talks_about_this_place_all_the_time/,33,BillBurr
Dalit topper refuses medal from President Ram Nath Kovind in protest against the growing atrocities against Dalits.,https://www.deccanchronicle.com/nation/current-affairs/141217/dalit-topper-refuses-medal-from-president-ram-nath-kovind.html,6,indianews
Your Daily Moon Math - 2017-12-14,https://www.reddit.com/r/BitcoinMarkets/comments/7jpt3h/your_daily_moon_math_20171214/,55,BitcoinMarkets
Little Johnny was late for class,https://www.reddit.com/r/Jokes/comments/7jqcut/little_johnny_was_late_for_class/,10,Jokes
"Once a year, they put hats on us... We don't know what's happening. Help!",https://www.reddit.com/r/dogpictures/comments/7jnszr/once_a_year_they_put_hats_on_us_we_dont_know/,1367,dogpictures
Unacceptable,https://i.redd.it/pweaqo3aqr301.jpg,330,ProgrammerHumor
The human vascular system.,https://imgur.com/dTImgMa,1505,pics
"My Curated List on Information Security (e.g. Exploitation, Crypto, DFIR and Tools)",https://github.com/pe3zx/my-awesome,9,netsecstudents
Aloy,https://cdna.artstation.com/p/assets/images/images/008/321/778/large/krystopher-decker-aloy-small.jpg?1511989613,79,horizon
"IOTA and Tangle discussion/info, scam or not?",https://www.reddit.com/r/CryptoCurrency/comments/7jnsap/iota_and_tangle_discussioninfo_scam_or_not/,277,CryptoCurrency
I think this is pretty controversial.,https://i.redd.it/r5fsyu4zht301.jpg,344,BlackPeopleTwitter
I'm donating 5057 BTC to charitable causes! Introducing The Pineapple Fund,https://www.reddit.com/r/Bitcoin/comments/7jj0oa/im_donating_5057_btc_to_charitable_causes/,18.4k,Bitcoin
ELMO VS PEWDS,https://www.reddit.com/r/PewdiepieSubmissions/comments/7jmwii/elmo_vs_pewds/,126,PewdiepieSubmissions
"Ever wondered what the contents of a garbage disposal taste like? Suspend hot dogs, celery, olives, & pimientos in jellied beef consomm√©.",https://i.imgur.com/ObJr8ZR.jpg,9584,shittyfoodporn
The way to a man‚Äôs heart is through his stomach,https://www.reddit.com/r/Jokes/comments/7jluzf/the_way_to_a_mans_heart_is_through_his_stomach/,2829,Jokes
Drunk as shit. Ruin my Christmas,https://www.reddit.com/r/RoastMe/comments/7jok1d/drunk_as_shit_ruin_my_christmas/,226,RoastMe
When you need to figure out every last clue,https://www.reddit.com/r/MrRobot/comments/7jprjf/when_you_need_to_figure_out_every_last_clue/,21,MrRobot
¬Ø\__(„ÉÑ)___/¬Ø,https://i.imgur.com/IQbao0G.gifv,22.6k,combinedgifs
Skyfall was initially called Once Upon a Spy which finds a young M during the Cold War having an affair with a KGB spy in Berlin. The present-day plot involves that agent‚Äôs son blackmailing M and ends with Bond being forced to kill her.,http://birthmoviesdeath.com/2017/11/09/skyfall-fifth-anniversary,2380,movies
"White dude says he was victim of racial violence growing up in a black neighborhood, and that‚Äôs why he hates black people. His sister calls him out.",https://www.reddit.com/r/quityourbullshit/comments/7jprbg/white_dude_says_he_was_victim_of_racial_violence/,122,quityourbullshit
When your grandma starts programming,https://i.redd.it/lrox9zuoxt301.jpg,160,ProgrammerHumor
"Daily General Discussion - December 14, 2017",https://www.reddit.com/r/ethtrader/comments/7jpr86/daily_general_discussion_december_14_2017/,137,ethtrader
Think EVMs Rigged to favor BJP and pull down your party? I have a solution!,https://www.reddit.com/r/indianews/comments/7jpr3e/think_evms_rigged_to_favor_bjp_and_pull_down_your/,4,indianews
"VHP slams NGT's Amarnath order, says Hindus not responsible for all environmental problems",http://m.indiatoday.in/lite/story/national-green-tribunal-amarnath-order-outrage/1/1109740.html,5,india
This car being vaporized.,https://i.imgur.com/Huv0W3v.gifv,3402,oddlysatisfying
"Faizan Haider Naqvi's answer to What exactly is offensive in saying ""Bharat mata ki Jai"" that some people refuse to say it?",https://www.quora.com/What-exactly-is-offensive-in-saying-Bharat-mata-ki-Jai-that-some-people-refuse-to-say-it/answer/Faizan-Haider-Naqvi-1?srid=tdPM,10,indianews
"Amit Shah allotted 1st row seat in RS, 3 Oppn leaders bid adieu - Rajya Sabha TV",http://rstv.nic.in/amit-shah-allotted-1st-row-seat-rs-3-oppn-leaders-bid-adieu.html,10,IndiaSpeaks
"Everyone gets a ticket, no exceptions.",https://www.reddit.com/r/MaliciousCompliance/comments/7jmbql/everyone_gets_a_ticket_no_exceptions/,1970,MaliciousCompliance
How you know its Christmas in Australia.,https://www.reddit.com/r/australia/comments/7joiog/how_you_know_its_christmas_in_australia/,1733,australia
All the good stuff is on the other side of tired. - Andre Agassi,https://www.reddit.com/r/quotes/comments/7jqau6/all_the_good_stuff_is_on_the_other_side_of_tired/,3,quotes
When your mom calls you by your full name.,https://www.reddit.com/r/funny/comments/7jqar2/when_your_mom_calls_you_by_your_full_name/,14,funny
Biden meets Stephen Colbert.,https://imgur.com/xVIxHXN,1427,bidenbro
"slow your roll, google maps.",https://imgur.com/61R3On9,2510,softwaregore
